# of adoptable pets,age,Latitude,Longitude
4,Adult,60.151652,-149.41271
1,Young,60.587598,-151.23355
14,Baby,33.201789,-86.61584
2,Adult,30.68164,-88.06676
2,Baby,32.488113,-86.52962
1,Adult,34.784028,-87.02767
3,Baby,34.813577,-86.80405
5,Adult,34.720813,-86.48931999999999
2,Adult,34.595332,-86.98786
3,Young,30.728488,-88.16845
24,Adult,32.592889,-86.21902
3,Young,33.963435,-86.5954
1,Adult,30.427640999999998,-87.796011
14,Baby,30.487783,-88.32722
4,Adult,45.237867,-93.66261
3,Young,34.711290999999996,-86.61691
13,Young,33.561597,-86.30285
9,Baby,33.406409000000004,-86.8295
1,Adult,32.522566999999995,-85.431517
4,Adult,31.447119,-85.62908
9,Young,31.180076,-85.4045
5,Baby,33.409582,-86.69684000000001
1,Young,32.589553,-85.53990999999999
1,Baby,36.179905,-94.50208
5,Baby,34.506487,-93.01941
3,Young,35.844795,-90.68443
2,Young,35.074616999999996,-92.444426
1,Adult,35.227869,-92.13033
1,Baby,33.218456,-92.64911
1,Young,36.362525,-94.23308
2,Adult,35.357040999999995,-94.36914
4,Baby,36.306616,-94.14622
1,Young,34.606079,-92.49472
2,Young,36.371981,-94.115649
4,Baby,35.781079999999996,-91.63835
5,Adult,35.925990999999996,-89.91767
2,Adult,34.690671,-92.26865
2,Adult,35.239022,-91.73776
9,Adult,34.523858000000004,-92.46989
14,Adult,33.624140000000004,-112.00416000000001
9,Adult,33.559437,-112.09281000000001
22,Adult,32.700018,-114.52671000000001
6,Baby,32.742948999999996,-111.78945
1,Adult,35.097719,-114.59733999999999
19,Adult,32.242724,-111.0209
1,Adult,31.970131,-111.89071299999999
3,Adult,33.657722,-112.17825
1,Adult,35.190896,-114.24036000000001
8,Young,33.394067,-111.92873
15,Adult,33.363440000000004,-111.75093000000001
2,Young,33.598841,-112.12023
1,Young,31.429016999999998,-110.23013
5,Adult,33.237229,-111.8004
2,Adult,31.377370000000003,-110.9264
27,Baby,32.084775,-110.71225
4,Adult,34.723788,-112.01002
3,Young,33.437771999999995,-112.0281
4,Young,33.698731,-112.11429
3,Senior,33.921493,-112.09992
19,Young,33.585037,-112.00815
5,Baby,33.675564,-112.04717
3,Young,33.638271,-112.09341
1,Baby,33.321315999999996,-111.888824
1,Adult,32.213291,-110.82558999999999
4,Baby,32.816055,-109.76487
1,Baby,34.765452,-112.45931000000002
3,Young,32.240625,-110.94791000000001
9,Young,32.00196,-110.67442
4,Adult,33.466393,-112.0008
7,Adult,34.469945,-114.27861000000001
1,Adult,32.216326,-110.88511000000001
1,Baby,33.771547999999996,-117.47883999999999
5,Adult,34.264635,-118.45961000000001
4,Adult,37.644481,-120.98043
1,Young,36.586193,-121.88667
1,Baby,38.684324,-121.06878999999999
1,Young,32.973645,-117.03701000000001
1,Young,37.995238,-120.3437
1,Adult,38.480494,-122.74976000000001
2,Senior,37.784827,-122.727802
2,Adult,34.051056,-118.80768
2,Adult,38.337243,-122.30027
1,Senior,34.208141999999995,-118.4011
1,Adult,37.088746,-121.60048
11,Adult,32.823865000000005,-117.19966000000001
2,Young,33.811566,-117.82919
6,Adult,33.786594,-118.29866200000001
6,Baby,35.390679999999996,-119.18583000000001
1,Baby,37.419389,-122.13273000000001
15,Adult,33.761076,-116.53588700000002
1,Adult,38.8323,-121.51661000000001
5,Young,37.922024,-121.3025
2,Adult,41.317771,-122.31206999999999
2,Adult,34.090975,-118.3813
18,Adult,33.926315,-117.40937
6,Adult,33.053092,-117.26855
2,Young,33.821318,-116.38023000000001
1,Young,35.132673,-118.50781
1,Young,33.914614,-118.35092
3,Adult,38.34896,-121.908324
8,Baby,34.036085,-117.6086
7,Adult,36.201983,-119.08588999999999
1,Baby,34.032159,-118.49022
5,Baby,37.658898,-121.87149
8,Young,37.772329,-122.41086999999999
6,Adult,36.506063,-119.54587
1,Adult,33.955913,-118.35868
2,Adult,35.474913,-120.676
1,Adult,36.865587,-119.75917
8,Young,32.76235,-117.12246
2,Baby,34.209407,-118.57735
1,Young,33.997178999999996,-118.40145
8,Senior,33.975266999999995,-117.72305
1,Adult,33.142706,-117.03048999999999
3,Baby,34.052659999999996,-118.38531
3,Baby,39.957324,-120.98366000000001
2,Adult,34.197737,-118.64797
1,Baby,33.462927,-117.62414
2,Baby,32.746018,-117.16715
2,Adult,33.679871999999996,-116.17656000000001
1,Adult,33.611272,-117.66681000000001
2,Baby,37.992124,-121.71328000000001
2,Baby,37.317909,-122.04778999999999
1,Adult,39.202725,-121.02076000000001
1,Senior,38.54486,-122.80785
1,Baby,37.954122,-122.02506000000001
3,Adult,33.087868,-117.11558000000001
1,Adult,34.063209,-118.43643
7,Baby,39.285782,-123.22063999999999
2,Young,39.109272,-121.68033
1,Young,34.259052000000004,-118.59426
1,Young,37.562218,-121.99433
1,Senior,34.061911,-118.27687
1,Adult,34.198189,-117.35826000000002
1,Baby,37.865026,-122.2859
25,Baby,34.231753999999995,-119.05258
7,Adult,34.080662,-117.27356999999999
1,Adult,38.440111,-122.74563
9,Young,38.556576,-121.49285
5,Senior,33.035844,-116.8513
5,Adult,36.691036,-119.83321000000001
5,Young,39.793465000000005,-121.87946000000001
2,Adult,34.153628000000005,-118.43222
1,Young,33.984551,-117.03766999999999
1,Adult,37.91878,-122.02618000000001
1,Young,33.796153000000004,-117.00046
2,Adult,32.785,-117.0186
7,Young,40.183837,-122.24073999999999
7,Young,33.739571000000005,-117.78618
1,Young,33.016928,-116.846046
1,Adult,40.504853000000004,-121.83501000000001
1,Adult,37.348541,-121.88627
2,Adult,34.168206,-118.37246
3,Baby,37.622898,-121.05181
12,Baby,34.033564,-117.03776
3,Young,32.7603,-117.07031
5,Young,33.985012,-117.89705
1,Adult,33.741651,-117.82127
3,Senior,38.380528000000005,-121.99192
10,Young,32.838761,-117.26158999999998
1,Baby,37.951671999999995,-122.07316999999999
1,Adult,38.231364,-122.05413999999999
1,Young,32.7991,-116.97334
2,Young,33.751418,-117.99391999999999
1,Baby,34.050505,-118.53374
4,Adult,32.761801,-117.01273
1,Adult,37.869976,-122.2981
2,Baby,37.048384999999996,-120.86983000000001
3,Adult,38.421068,-121.36058999999999
2,Young,33.841014,-118.00968999999999
2,Baby,32.742892,-117.12773999999999
1,Young,36.311,-119.32637
2,Baby,33.659639,-117.73948
3,Young,37.769528,-122.25936999999999
9,Young,38.566506,-121.32515
8,Baby,33.795049,-118.11823999999999
2,Baby,33.640302,-117.769442
1,Young,37.941424,-122.36628
2,Adult,37.574936,-122.36332
2,Young,37.278843,-121.95446000000001
2,Young,33.615462,-117.64093000000001
5,Adult,34.088808,-118.40612
3,Baby,34.078509999999994,-118.26596
3,Young,39.801047,-120.48358999999999
1,Young,34.034714,-117.17305
6,Baby,33.202463,-117.36077
2,Baby,36.61365,-119.52873000000001
8,Young,40.757090999999996,-124.1513
1,Young,37.728417,-121.42398999999999
5,Adult,38.269582,-122.03701000000001
1,Adult,38.347174,-122.69537
4,Adult,34.839964,-115.967051
5,Adult,33.614385,-117.2608
3,Young,32.804972,-117.16871
2,Baby,34.110425,-118.25832
7,Young,37.753978000000004,-122.18968999999998
6,Senior,33.923243,-117.24211000000001
2,Adult,37.905924,-122.05858
2,Young,34.139536,-118.7607
2,Adult,37.284042,-121.82664
3,Adult,34.089059000000006,-118.0951
7,Adult,33.92018,-118.14291000000001
3,Adult,38.291164,-122.28671000000001
3,Adult,33.666269,-117.9693
17,Young,36.9707,-121.99086000000001
16,Adult,36.991476,-119.98728999999999
8,Adult,34.87455,-120.42806000000002
38,Adult,34.087108,-117.96966
1,Adult,34.478797,-118.65255
3,Young,33.870466,-118.28813000000001
2,Adult,34.728857,-118.32683
1,Young,37.633732,-122.06101000000001
1,Young,41.439363,-120.58771000000002
1,Baby,37.867243,-120.49157
10,Adult,37.776835,-122.21791999999999
3,Adult,34.104555,-117.58734
3,Adult,33.769018,-118.19225
4,Young,34.177606,-118.30953999999998
5,Adult,34.03457,-118.42843
17,Adult,33.958464,-118.30998000000001
14,Adult,34.199704,-118.44724
4,Young,34.101659000000005,-117.65776000000001
1,Adult,34.140806,-118.00183999999999
8,Young,40.704337,-122.387808
24,Adult,32.766482,-117.20076999999999
5,Adult,34.029711,-118.35255
2,Young,34.056709000000005,-118.41183000000001
4,Young,32.608799,-117.0607
1,Adult,37.889849,-121.253872
4,Baby,40.963482,-124.07286
1,Baby,34.026447999999995,-118.2829
8,Adult,37.436451,-121.89438
1,Adult,33.866314,-118.39968
1,Young,39.089929,-121.55053000000001
2,Adult,35.277189,-120.70305
1,Baby,33.619221,-117.93087
2,Adult,38.282872,-104.57029
2,Young,39.745526,-105.06251
1,Senior,40.348242,-106.92691
3,Adult,37.134458,-105.54778
8,Adult,38.837542,-104.83632
1,Adult,39.522014,-105.223945
2,Adult,38.464132,-106.95776000000001
2,Adult,39.698387,-104.83955999999999
5,Baby,37.344985,-108.60355
2,Young,40.606962,-105.05106
1,Adult,39.739737,-104.80905
12,Young,39.973251,-104.82406999999999
25,Adult,39.681687,-104.88338
12,Baby,40.539432,-105.11576000000001
11,Baby,39.599687,-105.00658
1,Young,39.035216,-104.69575
2,Baby,39.599755,-105.13051999999999
1,Adult,39.881608,-105.09953
6,Young,40.020885,-105.29673000000001
1,Baby,39.758986,-104.96678
15,Adult,38.873692,-104.81869
3,Young,40.435645,-105.08726000000001
2,Baby,39.533318,-107.32106999999999
12,Young,39.738752000000005,-104.408349
3,Adult,40.002156,-105.10036000000001
2,Young,39.514738,-105.31198
2,Adult,40.566113,-107.60818
1,Baby,39.979690999999995,-105.25258600000001
2,Young,40.090367,-104.79723
35,Baby,39.668576,-105.09191000000001
6,Young,39.059221,-108.58311
3,Senior,39.734685999999996,-105.01966000000002
1,Adult,39.382543,-104.42846999999999
13,Baby,38.952366,-104.76701
3,Adult,39.385141,-104.85961999999999
9,Baby,39.71222,-105.08918
1,Baby,39.699156,-104.99999
7,Adult,39.735745,-105.19337
6,Adult,39.669211,-75.71795999999999
10,Adult,39.734279,-75.6631
1,Baby,39.10868,-75.44802299999999
14,Adult,39.669219,-75.59003
2,Baby,30.554434000000004,-84.25979
3,Baby,28.799017,-81.73184
1,Adult,26.279108,-80.11319
1,Adult,27.883188,-82.75633
1,Young,26.446463,-81.93269000000001
15,Baby,26.381303999999997,-80.09623
1,Adult,29.447069,-82.60452
4,Young,29.016896999999997,-80.95736
2,Baby,29.116360999999998,-80.98175
2,Adult,28.076744,-82.76116
6,Adult,29.713911,-82.29590999999999
3,Young,28.233671,-82.45463000000001
2,Adult,26.236791999999998,-80.09594
3,Baby,30.435069,-86.89025
1,Adult,29.787831,-81.44668
20,Adult,26.983094,-82.05972
1,Baby,26.121546,-81.75251
4,Young,28.052799,-82.61135
1,Senior,28.536794,-81.59344
1,Adult,28.475662,-82.50199
5,Adult,27.436826,-81.35515
7,Adult,30.447248,-86.62113000000001
2,Adult,28.584177,-81.18634
7,Baby,27.843349,-82.79307
1,Young,26.094385,-80.15422
7,Baby,30.759353000000004,-85.25712
5,Baby,26.196911,-80.09516500000001
1,Senior,25.730678,-80.2441
3,Young,28.786271999999997,-81.64475
1,Young,28.266579999999998,-82.34222
4,Young,27.891151,-82.50581
1,Young,28.632101000000002,-82.52181
1,Young,30.760184000000002,-86.58533
3,Young,29.501990000000003,-81.60010799999999
3,Young,26.272608,-80.25589000000001
2,Baby,27.995287,-81.259332
1,Baby,28.51483,-81.36054
4,Young,27.956149,-82.45723000000001
3,Young,28.711167,-81.77955
14,Adult,26.925265000000003,-82.29693
7,Adult,26.742327000000003,-81.27863
8,Baby,27.163484999999998,-80.31267
2,Adult,26.182160999999997,-80.13341
1,Young,27.980296999999997,-82.71645
5,Adult,28.803978999999998,-81.28761
5,Young,29.124610999999998,-82.32271
13,Young,30.403146000000003,-84.18841
11,Young,27.997276,-81.74554
4,Baby,26.145723999999998,-80.448254
24,Baby,30.336038000000002,-81.72509000000001
59,Young,28.489758000000002,-81.40625
1,Adult,27.703801000000002,-82.44385
39,Adult,26.709575,-80.09443
13,Young,26.094665,-80.17987
2,Baby,26.15091,-81.7477
3,Adult,28.835261,-82.14818000000001
6,Adult,28.829773,-82.29019
1,Young,28.769173,-81.27631
5,Adult,28.249340000000004,-81.28749
6,Young,27.724801,-80.49708000000001
4,Adult,27.885283,-82.82607
7,Adult,29.611545,-82.3941
4,Adult,29.972890000000003,-81.72195
4,Young,29.972890000000003,-81.72195
1,Baby,28.005639000000002,-82.69511
4,Young,27.549314000000003,-82.55981
5,Young,27.407657,-82.52923
14,Baby,26.719596000000003,-80.22077
1,Young,27.272872999999997,-82.41676
5,Young,30.581490000000002,-87.00178000000001
1,Young,27.486448,-82.535
1,Adult,30.441994,-87.25471999999999
3,Young,29.12295,-82.0816
1,Adult,28.857425,-81.7845
2,Adult,28.051985,-81.72457
1,Adult,29.581683,-81.21645
3,Young,29.232872999999998,-82.2522
2,Adult,25.637132,-80.31641
14,Young,30.414932,-86.61992
3,Adult,29.733375,-82.01048
4,Adult,29.923718,-81.33962
1,Baby,26.645895,-80.430269
1,Adult,28.306726,-80.686159
1,Adult,25.479438000000002,-80.48687
1,Young,28.397790999999998,-82.53084
10,Baby,30.074926,-81.87931999999999
1,Adult,27.437697999999997,-82.372125
10,Young,26.552895,-81.94861
2,Adult,29.871309999999998,-81.29464
6,Baby,30.420996999999996,-87.22305
2,Young,26.112366,-80.37697
6,Adult,30.188584999999996,-85.56392
11,Baby,26.6435,-81.84418000000001
1,Baby,34.688716,-84.46715999999999
31,Baby,34.235408,-84.17441
2,Adult,34.17085,-83.24654
2,Adult,33.361003000000004,-84.814173
33,Young,33.786805,-84.43700000000001
7,Young,33.387089,-82.01236999999999
4,Adult,33.979401,-84.15118000000001
11,Adult,31.260995,-81.49831999999999
3,Baby,33.542118,-83.93372
4,Adult,33.620669,-82.30514000000001
1,Young,32.190739,-82.69115
3,Baby,32.447036,-81.77772
12,Adult,33.899381,-84.25367
1,Adult,33.960353000000005,-84.037859
2,Young,33.857423,-83.71899
21,Adult,33.888102,-84.29321
1,Adult,33.547041,-83.19797
5,Baby,34.038949,-84.59706
10,Adult,33.907336,-84.5788
5,Adult,30.807278999999998,-83.28661
7,Baby,34.193041,-84.092588
8,Baby,33.05413,-84.14862
1,Young,33.771705,-84.29406999999999
4,Young,33.891251000000004,-84.07455999999999
2,Adult,31.559274,-84.176507
6,Adult,33.945735,-84.84463000000001
2,Adult,33.97285,-84.32775
3,Adult,34.089419,-83.94700999999999
2,Adult,32.722333,-84.95803000000001
1,Adult,34.882362,-83.4156
1,Young,34.366948,-82.9201
2,Baby,34.236556,-83.89115
1,Adult,32.022019,-80.99193000000001
2,Adult,33.689659999999996,-84.74459499999999
2,Baby,34.108027,-84.4843
2,Adult,33.925084999999996,-83.34529
1,Baby,34.346142,-84.73232
4,Young,33.844371,-84.47405
1,Baby,34.753129,-84.77502
1,Adult,34.032532,-84.31774
1,Young,33.48012,-84.58724000000001
1,Adult,34.002146999999994,-84.63391999999999
2,Young,34.306643,-83.82352
11,Baby,31.165358,-83.77172
8,Adult,34.167327,-84.82764
1,Young,33.490536,-82.5028
8,Adult,32.830839000000005,-83.63529
3,Baby,33.474136,-82.01018
8,Adult,19.675386,-155.97588000000002
1,Adult,19.593456,-155.43801499999998
4,Young,21.98081,-159.37746
3,Young,42.074515000000005,-93.87437
4,Adult,41.701873,-94.36488
2,Adult,42.066399,-94.86786
1,Baby,41.251631,-95.87447
1,Young,43.345879,-91.77186999999999
1,Young,42.02933,-93.60965999999999
8,Young,41.649867,-91.52019
11,Baby,41.2544,-95.79061999999999
1,Young,41.281669,-92.65534
2,Baby,41.546931,-90.61964
4,Adult,41.846678999999995,-94.10961
8,Adult,41.017736,-91.95
1,Adult,40.637694,-91.33866
2,Adult,42.505387,-96.4293
7,Baby,41.980283,-91.70835
12,Baby,43.675651,-116.73825
2,Senior,43.593523,-116.19903000000001
1,Adult,42.530288,-114.47509
1,Young,43.888284999999996,-116.5143
1,Baby,43.63123,-116.28716000000001
1,Adult,47.274904,-116.57392
3,Adult,44.854428000000006,-116.04991000000001
3,Young,47.542783,-116.11848
5,Young,48.315799,-116.90903999999999
10,Baby,43.323306,-111.782152
1,Young,42.80616,-112.410283
1,Baby,45.101696999999994,-113.90306000000001
1,Baby,42.96866,-112.43182
1,Young,42.327996,-111.32637
1,Young,40.145501,-88.96776
20,Adult,39.819,-89.64379
3,Baby,40.567088,-89.63382
1,Young,38.122112,-89.71168
1,Baby,42.300917999999996,-89.63208
9,Baby,41.971044,-87.75869
1,Baby,38.725497999999995,-89.88891
3,Young,41.030696999999996,-89.38586
2,Adult,39.956803,-89.54209
4,Adult,39.7715,-89.63611999999999
10,Adult,40.744178999999995,-89.718401
5,Adult,42.124576,-87.84303
28,Young,42.169325,-87.86556
8,Adult,42.303365,-89.08246
14,Adult,41.772915000000005,-87.92996
8,Young,37.771806,-89.33971
1,Senior,41.891978,-88.20501999999999
7,Baby,41.811929,-87.68732
2,Baby,41.872997,-87.90101
7,Adult,41.52493,-88.19022
1,Adult,41.598234999999995,-88.02753
1,Baby,38.442906,-90.20775
1,Young,40.214759,-89.87720999999999
8,Baby,41.536782,-87.88582
2,Baby,41.886456,-87.62325
6,Young,39.878040999999996,-88.95636999999999
5,Adult,40.712887,-89.57904
4,Young,42.325364,-89.170527
12,Young,41.921126,-87.70085
1,Adult,42.033313,-87.75764000000001
3,Baby,42.067809000000004,-88.10828000000001
1,Young,41.880281,-87.84455
1,Baby,42.17315,-88.31849
1,Adult,41.607624,-88.19736
1,Young,41.045784999999995,-87.68963000000001
1,Adult,41.623532,-87.83542
3,Baby,41.99623,-87.81090999999999
2,Adult,41.631342,-88.43996
4,Baby,42.338955,-88.03433000000001
3,Young,41.331114,-87.79916999999999
2,Adult,39.730234,-90.22941
11,Adult,38.53895,-90.00104
6,Baby,39.608494,-87.69958000000001
1,Baby,41.511644,-88.05698000000001
3,Baby,39.092526,-89.8029
2,Baby,42.099478999999995,-88.36941999999999
3,Young,40.776845,-89.7401
1,Young,41.147918,-87.63579
2,Baby,41.876506,-88.46429
7,Baby,40.533634,-89.34345
2,Baby,42.10028,-88.6906
1,Adult,41.858278999999996,-88.10904000000001
1,Senior,40.121648,-88.17649
1,Baby,41.507979999999996,-88.10553
2,Adult,41.54338,-88.11963
2,Senior,37.724503999999996,-88.92968
1,Baby,41.565684999999995,-87.54819
11,Young,41.944577,-88.38325999999999
1,Adult,41.875429,-88.01723
1,Adult,42.008429,-87.89234
16,Baby,39.719444,-86.22183000000001
2,Baby,41.583535,-87.50391
2,Young,41.424095,-84.8726
2,Adult,40.449883,-85.36442
16,Adult,37.999542,-87.57621
1,Baby,39.039636,-87.16986999999999
12,Adult,39.131576,-86.49743000000001
12,Adult,38.30382,-85.82522
5,Adult,40.469625,-86.11894000000001
1,Young,41.094348,-85.16150999999999
2,Adult,39.52503,-87.12738
2,Baby,39.866913000000004,-86.12323
6,Adult,39.290029,-86.77844
7,Adult,39.442774,-86.41337
1,Young,38.309104999999995,-85.72035
7,Adult,41.596769,-86.292991
6,Baby,41.656797999999995,-85.0223
1,Adult,38.787175,-85.38031
7,Young,37.958873,-87.37998
2,Adult,39.232338,-87.03271
6,Adult,41.048148,-85.11114
3,Adult,41.725061,-85.81792
1,Young,37.975476,-87.47506
1,Adult,38.34841,-87.57478
2,Adult,41.073678,-86.23521
8,Adult,39.588545,-86.37431
4,Adult,39.66851,-87.43576999999999
3,Adult,39.831061,-84.89067
3,Young,41.634457,-85.35825
1,Baby,39.842523,-86.83174
1,Young,38.958688,-85.89917
2,Adult,39.614803,-85.43834
2,Adult,38.668827,-87.50791
5,Adult,41.491377,-87.51021999999999
2,Adult,39.652374,-86.87361
9,Baby,41.567559,-85.84885
2,Adult,40.290615,-86.5028
2,Baby,41.605748999999996,-86.71983
16,Adult,39.023105,-94.66658000000001
1,Adult,39.137003,-94.67203
2,Baby,38.899901,-94.831991
1,Baby,39.339975,-95.45781
1,Baby,39.029641,-94.84844
1,Adult,38.179418,-99.12756999999999
1,Adult,38.19784,-98.20222
22,Baby,37.918044,-95.2947
14,Baby,37.701997,-97.28114000000001
5,Baby,38.889784000000006,-94.85558
4,Senior,38.736692,-94.83362
9,Baby,38.961756,-94.71498000000001
5,Baby,38.367298,-97.67719
6,Young,38.363151,-98.78495
1,Baby,38.918102000000005,-95.84416999999999
1,Adult,39.304937,-96.67529499999999
6,Young,38.193769,-85.65733
1,Adult,38.188962,-85.676819
4,Baby,38.201648999999996,-84.86935
5,Adult,37.753347,-87.17419
3,Adult,36.922292,-86.387046
10,Adult,37.768921,-85.65602
1,Young,37.471839,-86.9063
130,Baby,38.190568,-85.55348000000001
5,Baby,38.212471,-84.23646
6,Adult,38.051727,-84.49336
28,Baby,37.52165,-87.69700999999999
1,Young,37.12596,-87.87429
8,Adult,37.479797,-86.30731
3,Baby,38.350915,-85.60042
1,Baby,38.22292,-85.68326
1,Adult,38.156248,-83.41586
11,Baby,36.866845,-87.47617
6,Young,37.825094,-87.56055
5,Adult,30.327199,-92.0433
7,Young,29.696635999999998,-90.77238
7,Adult,29.952605,-90.20536
2,Adult,30.521962,-90.84035
4,Senior,31.751286999999998,-93.09021
4,Adult,32.697055999999996,-93.6991
10,Baby,30.468526,-90.92827
11,Adult,30.484785,-90.4762
2,Adult,29.869283000000003,-90.10933
3,Adult,30.616777000000003,-90.1898
1,Young,31.075638,-92.446135
2,Adult,30.584787,-91.14763
7,Baby,32.552315,-93.70836
4,Baby,32.484232,-93.73671
3,Baby,30.427599,-90.41728
5,Baby,30.424049,-90.18519
2,Baby,30.470793,-90.10491
22,Adult,29.938155,-90.03667
1,Adult,30.373865000000002,-91.17065
1,Adult,38.833563,-76.87774300000001
2,Young,39.633946,-77.73025
1,Adult,39.21536,-76.87823
3,Adult,39.087409,-77.0944
4,Adult,39.646587,-78.77398000000001
2,Adult,38.946462,-76.48358
2,Adult,39.276305,-76.86081999999999
9,Baby,38.343166,-75.19082
2,Adult,38.509547999999995,-76.981651
1,Young,39.624705,-77.03086
6,Baby,39.197119,-76.75178000000001
2,Adult,38.601648,-76.60434000000001
1,Senior,39.131705,-77.14981
4,Baby,39.629925,-79.31376999999999
6,Baby,39.473898999999996,-76.2983
1,Senior,39.130224,-76.69142
1,Young,38.941594,-76.96369
1,Adult,38.535115999999995,-76.58431999999999
1,Adult,39.012134,-76.68561
6,Young,39.508739,-76.49191
8,Young,38.359332,-75.56931
8,Adult,42.239933,-83.150823
4,Adult,44.631,-86.21484
1,Young,42.868228,-85.66391
1,Young,42.375237,-83.07836999999999
1,Adult,42.833034000000005,-82.50425
2,Adult,42.422746000000004,-83.78009
1,Baby,42.998998,-84.57704
1,Adult,42.410037,-83.05826
1,Adult,42.199989,-83.17402
8,Adult,42.307288,-83.70443
10,Adult,42.764167,-84.56153
1,Adult,42.597322999999996,-83.116567
5,Young,43.03154,-82.59251
14,Adult,42.935483000000005,-86.14141
5,Senior,43.464943,-85.95005
2,Adult,46.460895,-84.32485
2,Baby,45.502308,-84.99025
1,Baby,44.725546,-83.43887
1,Young,42.531244,-85.87438
5,Baby,42.474234,-83.29078
3,Adult,42.074435,-86.47935
1,Adult,42.137071,-83.21446
1,Adult,42.978974,-82.44402
18,Young,42.626946999999994,-83.30243
1,Young,44.816178,-85.575147
1,Adult,42.768373,-83.37805
1,Senior,41.940898,-83.38515
8,Adult,42.278890999999994,-85.55107
3,Adult,42.905877000000004,-85.70392
3,Young,42.386086999999996,-82.92426
1,Young,42.660090999999994,-83.3863
4,Adult,42.672321999999994,-82.903065
1,Young,42.984226,-85.629101
6,Young,42.379019,-83.04483
2,Adult,42.964176,-85.65885
4,Adult,41.924331,-85.51068000000001
2,Adult,42.524134000000004,-83.25454
3,Adult,42.603479,-83.911173
4,Adult,42.68347,-82.92958
1,Young,42.467945,-83.51765999999999
3,Adult,42.604425,-83.29238199999999
5,Adult,43.232615,-86.1955
1,Adult,43.000076,-85.64785
1,Young,42.067837,-83.95779
1,Baby,42.829226,-82.77538
1,Baby,43.697651,-85.47815
2,Adult,42.223482000000004,-83.63316
5,Adult,42.460986,-83.13398000000001
1,Adult,44.243788,-85.46006
1,Baby,44.382889,-85.14305
1,Baby,43.538252,-84.387753
2,Adult,42.765582,-83.17281
1,Young,42.482585,-83.16812
2,Young,42.549483,-83.47969
2,Adult,48.118625,-96.1793
1,Young,44.971765000000005,-93.28556999999999
8,Adult,46.282084000000005,-96.06798
5,Baby,44.649263,-93.15222
13,Young,45.102133,-93.48756999999999
2,Adult,43.829382,-91.33919
5,Adult,45.247509,-93.41799999999999
3,Young,44.033867,-91.65106
3,Baby,43.996613,-92.540929
4,Baby,44.905365,-93.23662
2,Adult,44.928315000000005,-93.08876
14,Baby,45.576431,-93.57644
5,Baby,45.059996999999996,-93.37702
6,Adult,45.329115,-93.06834
2,Adult,44.902414,-93.29012
2,Adult,44.15644,-93.99388
1,Adult,44.953665,-93.15921999999999
1,Adult,46.738841,-92.16969
3,Baby,47.527383,-92.53371
2,Senior,44.704646000000004,-93.42139
18,Baby,45.014764,-93.33965
5,Adult,45.186232000000004,-93.29635
3,Adult,44.921982,-92.94234
2,Baby,44.726517,-92.86147
11,Young,46.602684,-94.29986
12,Young,45.003363,-93.49262
2,Baby,44.957315,-93.00616
5,Baby,45.027715,-93.30337
13,Adult,45.49343,-94.643922
1,Adult,43.671988,-92.97908000000001
3,Baby,45.317871999999994,-95.57247
5,Adult,37.094159999999995,-94.50169
12,Adult,38.434806,-91.00353
8,Baby,38.762715,-90.53903000000001
3,Adult,36.619334,-94.01825
4,Adult,39.216635,-94.69991
6,Young,38.032647999999995,-92.78269
2,Adult,38.610901,-90.29174
3,Young,38.196428999999995,-92.867804
10,Adult,37.32564,-89.5659
21,Young,38.622601,-90.26182
8,Adult,36.693007,-93.37153
7,Young,38.778579,-90.62045
5,Young,38.688584999999996,-90.44689
11,Baby,37.120301,-93.31461
2,Adult,39.013905,-94.4591
2,Adult,38.786335,-90.72121
4,Adult,40.183335,-92.58341
1,Baby,38.852436,-91.95808000000001
4,Baby,36.864290000000004,-94.39016
2,Young,38.502854,-90.46088
3,Adult,38.675784,-90.37463000000001
19,Adult,39.051455,-94.4966
2,Adult,38.405287,-90.57059
2,Baby,36.64417,-93.25668
1,Young,37.827415,-92.13574100000001
15,Young,38.925204,-92.36887
2,Baby,37.161299,-93.2519
2,Adult,38.524066,-90.2895
2,Adult,38.638318,-90.42711800000001
8,Baby,38.337458000000005,-90.42316
4,Adult,37.257053000000006,-93.29015
1,Baby,38.808583,-90.50686999999999
1,Senior,39.115776000000004,-94.34846
1,Young,38.631451,-90.21415
2,Baby,39.707694000000004,-94.87354
37,Baby,30.52798,-89.66611
5,Young,32.325511999999996,-90.25709
2,Young,33.619058,-88.64686
1,Senior,30.461786,-89.10381
3,Adult,34.928325,-88.52856
14,Baby,31.285508,-89.2799
5,Baby,30.810935999999998,-89.56435
6,Young,30.400599,-88.65092
8,Adult,32.284828999999995,-90.22778000000001
2,Young,31.574319,-90.45029
3,Young,34.959171000000005,-90.04093
4,Adult,46.214883,-114.14786000000001
1,Young,47.696131,-114.16094
6,Baby,45.737525,-108.48754
10,Young,47.710209000000006,-115.23463000000001
1,Baby,35.477583,-80.8924
2,Adult,35.372577,-79.276577
6,Adult,35.473447,-81.24094000000001
12,Young,35.529895,-82.70449
3,Young,35.400407,-80.56574
1,Adult,35.921662,-78.45805
1,Adult,35.709123999999996,-82.01719
4,Baby,35.814572,-78.58348000000001
5,Adult,35.742752,-81.71625
3,Baby,35.865441,-78.54929
6,Young,34.285519,-77.80572
4,Baby,35.765719,-80.8981
2,Adult,34.620874,-78.98986
3,Young,35.248787,-81.2142
1,Baby,36.080707000000004,-80.0244
4,Adult,35.248689,-82.18160999999999
9,Adult,35.60089,-82.93536
1,Young,35.458804,-79.16415
7,Adult,34.770681,-76.87786
2,Baby,36.066545,-80.30733000000001
1,Adult,35.935563,-77.78076999999999
1,Young,36.416628,-78.970224
2,Young,36.414739000000004,-78.97375
1,Young,35.808386999999996,-78.839488
2,Young,36.136990999999995,-81.17461999999999
2,Adult,35.971540000000005,-78.52241
4,Baby,35.361333,-81.98376999999999
7,Adult,35.614422,-80.43115
2,Young,35.817411,-79.80389
16,Baby,35.351477,-80.19879
1,Young,35.679194,-78.60246
1,Young,35.920477000000005,-80.57143
7,Baby,35.73663,-78.86462
7,Young,34.647611,-78.58643000000001
3,Adult,35.511094,-82.99606999999999
22,Baby,35.716105,-78.65734
8,Adult,35.244468,-80.72164000000001
3,Adult,36.000487,-78.44921
2,Adult,35.454565,-81.12368000000001
1,Young,35.260020000000004,-80.804151
1,Adult,35.934783,-81.54476
2,Adult,34.235219,-77.94134
3,Adult,35.797692,-78.625265
2,Baby,35.756091,-79.17848000000001
2,Baby,35.720227,-81.21466
2,Adult,36.116854,-79.88291
1,Adult,35.679639,-80.46645
2,Adult,34.936388,-80.5382
2,Senior,36.034561,-78.86891999999999
1,Adult,35.13451,-80.85632
1,Young,36.072336,-79.4698
2,Baby,34.694262,-77.20701
2,Adult,34.929433,-80.73061
1,Baby,35.571827,-80.89228
2,Adult,48.336898,-101.451285
3,Young,47.938897999999995,-97.08400999999999
1,Young,46.900348,-96.80015999999999
1,Adult,46.906983000000004,-98.72825999999999
1,Young,46.28232,-96.68494
1,Young,48.485321,-99.2076
2,Baby,41.151899,-96.04484000000001
3,Adult,40.589299,-98.38131
1,Adult,41.240035999999996,-96.18016999999999
1,Adult,41.146848,-95.90796
5,Adult,40.789051,-96.69589
2,Adult,40.749224,-96.64565999999999
15,Young,41.296748,-96.05181
1,Adult,41.235248,-96.11505
22,Young,35.100796,-106.52067
6,Young,35.051247,-106.74258
1,Baby,35.584234,-106.32728
1,Senior,35.044339,-106.672872
1,Young,32.204171,-106.93052
2,Adult,34.786133,-106.70536000000001
1,Adult,35.067446999999994,-106.50645
1,Adult,35.755311999999996,-105.99936000000001
6,Young,35.615216,-105.95278799999998
19,Young,32.417871000000005,-106.6977
7,Baby,36.414941999999996,-105.5808
1,Young,35.290647,-106.71468999999999
2,Baby,36.231139,-115.28461000000001
2,Adult,36.113211,-115.21848999999999
3,Adult,39.546409999999995,-119.79664
2,Adult,36.141119,-115.22493
3,Young,36.257531,-115.22728000000001
3,Adult,36.218340999999995,-116.00993999999999
3,Adult,38.903324,-119.763147
26,Adult,36.17022,-115.12785
28,Adult,39.499862,-119.77497
7,Adult,36.084361,-115.2103
2,Adult,39.245257,-119.95204
7,Adult,40.883028,-115.75016000000001
1,Senior,40.672666,-73.87248000000001
2,Adult,40.796752000000005,-73.68935
6,Baby,42.168508,-78.7297
1,Baby,40.752159000000006,-73.97231
5,Senior,42.121443,-75.93329
4,Baby,41.67086,-73.88107
1,Senior,43.326840000000004,-78.83068100000001
2,Young,40.667508000000005,-73.9856
2,Adult,40.867498,-73.41145999999999
5,Young,41.256639,-73.54075999999999
1,Young,42.22948,-73.75846
8,Adult,40.791585999999995,-73.94575
1,Adult,40.96555,-73.84506
2,Adult,42.479471000000004,-79.32805
1,Adult,43.001907,-78.8631
1,Young,41.779540999999995,-73.90155
2,Baby,40.631775,-74.09432
1,Adult,44.3919,-73.73028000000001
2,Adult,43.214613,-77.70626
3,Adult,40.673,-73.70345999999999
2,Young,41.119008,-73.732996
9,Baby,41.057089000000005,-73.81658
1,Young,40.862565000000004,-73.36221
4,Senior,42.703091,-74.91413
1,Adult,42.614979,-73.84085999999999
2,Adult,41.483689,-73.57293
3,Adult,43.025217,-78.70394
1,Baby,40.733398,-73.32257
5,Adult,40.745340999999996,-73.93907
1,Adult,43.244034,-78.2023
5,Adult,40.729098,-73.25607
5,Young,40.720535,-73.84581999999999
6,Baby,42.904258,-78.65519
8,Adult,42.09179,-79.24459
2,Baby,42.977456,-78.73356
3,Baby,42.981745000000004,-74.14256999999999
4,Baby,40.726302000000004,-73.94559
7,Baby,40.720665999999994,-74.00525999999999
16,Adult,40.911082,-73.04966
7,Adult,41.932315,-74.02259000000001
1,Young,40.675534000000006,-73.84476
1,Adult,40.6851,-73.41317
9,Baby,44.195201000000004,-73.47194
11,Adult,42.836858,-78.75556999999999
2,Adult,42.327028999999996,-79.57301
5,Adult,43.976735,-75.91199
4,Adult,40.676649,-73.51122
3,Adult,42.831683,-74.45666999999999
2,Baby,42.129274,-76.84496999999999
12,Baby,42.238994,-78.01907
8,Adult,42.734051,-78.8413
7,Young,40.875896999999995,-72.52063000000001
2,Adult,43.174566,-73.68848
7,Adult,40.833246,-73.69309
10,Baby,42.968057,-78.80046999999999
2,Adult,42.023441999999996,-76.53404
2,Adult,41.195778000000004,-73.62777
10,Baby,40.588153999999996,-73.66516999999999
3,Baby,42.352725,-76.84258
1,Young,41.505993,-73.96198000000001
1,Adult,42.680693,-76.18566
1,Adult,42.706781,-77.68103
8,Baby,42.077258,-75.90226
1,Adult,43.165134,-76.33901
2,Young,43.289787,-77.79548
1,Young,40.906174,-73.12748
1,Baby,40.727092999999996,-73.97864
2,Baby,42.14784,-84.03123000000001
3,Young,43.128534,-76.13931
3,Baby,43.105917,-76.19365
6,Baby,40.631127,-74.13715
12,Baby,40.767969,-73.82496
1,Young,43.048156,-78.86338
2,Adult,42.142575,-75.88783000000001
2,Baby,41.6522,-83.67036999999999
1,Adult,40.017096,-82.34322
1,Young,41.415096999999996,-81.91436
7,Young,41.473451000000004,-81.7358
1,Baby,39.720751,-82.94842
1,Baby,39.534907000000004,-84.39324
2,Adult,41.459399,-81.78174
4,Adult,41.459218,-82.1691
4,Young,40.028171,-81.00679000000001
1,Young,41.244051,-81.82836
1,Baby,39.137859999999996,-84.43426
5,Adult,39.910109000000006,-83.83243
1,Adult,39.682836,-83.92144
32,Baby,39.762708,-84.15294
2,Adult,40.888408,-81.41066
1,Baby,39.712887,-82.61216
1,Young,39.530972,-82.40801
2,Baby,41.484688,-81.70125
1,Young,41.397701,-81.73575
2,Young,39.463476,-83.84446
1,Adult,39.935263,-83.04558
2,Baby,40.173636,-82.99675
1,Young,39.854413,-82.80872
2,Baby,39.322846999999996,-82.09728
5,Adult,41.314655,-81.44440999999999
3,Young,41.35307,-83.11216999999999
1,Young,40.086725,-80.90826
1,Young,39.717824,-82.19823000000001
2,Senior,41.608298,-81.50041
2,Baby,39.431016,-82.09985999999999
2,Adult,40.815179,-82.97091
2,Adult,40.7953,-84.16573000000001
10,Young,41.646649,-83.54935
8,Young,39.082894,-84.15319000000001
2,Adult,40.109478,-83.12713000000001
10,Adult,39.753108000000005,-84.24715
1,Young,40.961206,-81.42515999999999
1,Baby,39.288558,-84.47383
6,Adult,41.414403,-81.60793000000001
5,Baby,39.127527,-84.48832
1,Young,41.471569,-84.55459
2,Senior,40.053063,-83.01881
3,Young,39.330459999999995,-82.97228
1,Young,39.162917,-83.5802
4,Adult,39.994001000000004,-82.67652
10,Adult,41.576992,-83.67200000000001
2,Adult,38.795145,-83.54335
1,Young,41.391753,-81.65816
1,Adult,40.103133,-83.26825
4,Adult,41.478469,-81.33635
5,Adult,41.388519,-83.65795
12,Adult,41.688162,-81.33378
1,Young,41.037325,-83.64576
9,Adult,39.60828,-84.16413
3,Adult,39.209208000000004,-84.64363
6,Baby,39.023067,-84.2099
1,Adult,39.803993,-82.70953
3,Adult,41.5615,-84.15574000000001
8,Adult,39.961236,-81.962539
4,Young,35.489527,-97.75000899999999
4,Young,35.187611,-97.397509
2,Adult,36.343579,-95.605964
32,Baby,36.402665999999996,-97.92836
8,Young,36.180144,-95.91129000000001
1,Baby,36.880746,-94.87142
15,Baby,35.579488,-97.56496
2,Baby,35.551409,-97.407537
3,Young,35.162228000000006,-96.609139
29,Adult,35.431360999999995,-97.49266999999999
3,Adult,36.059495,-95.93921999999999
4,Adult,36.105571000000005,-97.07630999999999
1,Young,36.148444,-95.90841
1,Adult,35.465363,-97.26645
4,Adult,35.388059000000005,-97.73626
5,Adult,35.719962,-95.33691
2,Adult,36.278298,-95.8305
4,Adult,35.517857,-97.57284
10,Adult,36.733398,-95.92404
20,Baby,35.951402,-95.88361
1,Adult,34.708098,-95.90485
3,Adult,36.025405,-95.92953
1,Baby,36.146143,-95.95414
7,Baby,35.490727,-96.69141
4,Adult,36.741589000000005,-96.00614
2,Adult,36.053246,-95.70957
6,Adult,44.062231,-123.16803999999999
9,Adult,45.352086,-122.85376000000001
4,Baby,44.64079,-121.12506
1,Young,44.926644,-122.98693999999999
2,Adult,42.098285,-124.27265
2,Adult,43.357357,-124.21086000000001
2,Adult,45.537040000000005,-122.59978999999998
1,Young,45.308105,-122.77266000000002
1,Senior,44.906492,-123.05129
4,Adult,45.491023999999996,-122.95745
4,Adult,44.020483,-121.30891000000001
1,Baby,44.984008,-123.01992
1,Baby,45.344246000000005,-122.58464
2,Adult,42.451203,-124.39036000000002
1,Adult,44.091256,-121.29768999999999
1,Young,42.4631,-123.33162
1,Young,42.270808,-122.81805
4,Young,45.482341,-122.60007
1,Adult,45.49759,-122.72945
2,Baby,40.543053,-79.78223
2,Baby,40.094621000000004,-75.74602
3,Adult,41.251286,-75.49121
4,Adult,39.978456,-75.82275
1,Adult,40.178678999999995,-80.10014
4,Baby,39.977662,-75.14336
1,Adult,41.439329,-75.66187
1,Young,39.768218,-75.78759000000001
1,Adult,39.765405,-76.67748
1,Baby,39.922261999999996,-75.18259
3,Young,40.357286,-80.23629
2,Adult,39.766281,-77.57240999999999
6,Baby,39.916078000000006,-75.40250999999999
2,Senior,39.952197999999996,-76.71328000000001
1,Young,40.576989000000005,-75.22121
1,Adult,40.078045,-75.88488000000001
2,Adult,40.302492,-75.95565
3,Baby,40.147890000000004,-77.12245
6,Young,40.272177,-75.25783
5,Young,41.485845,-75.71134
10,Adult,39.983108,-75.59331999999999
6,Adult,40.558488,-76.38129
7,Adult,41.236331,-75.87254
5,Adult,40.50217,-78.39121
1,Young,40.126271,-75.52341
9,Young,39.892235,-80.17983000000001
3,Baby,40.093968,-77.02628
2,Adult,41.439658,-79.69044
12,Adult,40.455919,-80.02604000000001
6,Young,40.603966,-80.28775999999999
1,Adult,41.025132,-80.45756
2,Adult,40.98314,-75.26026
1,Adult,41.4376,-78.54271999999999
1,Young,41.057574,-75.53909
1,Adult,40.760403000000004,-75.57535
4,Adult,40.211240999999994,-75.0887
1,Young,40.184758,-75.14386
1,Young,40.176858,-75.57621
1,Adult,39.944162,-75.22718
1,Young,40.324535,-80.03864
1,Adult,40.0185,-76.29758199999999
18,Adult,40.267165000000006,-75.8254
1,Senior,41.345579,-75.97596
4,Young,41.160521,-78.81129
1,Young,40.416515999999994,-75.074832
5,Adult,40.552042,-75.64919
3,Young,40.989662,-80.308376
17,Adult,40.012212,-75.14503
2,Young,39.974378,-75.36083
3,Senior,40.215939,-76.99826999999999
4,Adult,40.354735,-74.99319
1,Baby,40.10386,-74.93734
1,Young,39.874612,-75.34541999999999
1,Young,40.253496000000005,-75.63481
3,Young,40.763568,-76.34824
1,Senior,40.857175,-75.84810999999999
1,Young,40.138959,-76.86904
4,Young,40.134658,-79.31493
2,Baby,40.21735,-75.36497299999999
2,Baby,33.925183000000004,-81.248345
28,Young,33.548282,-80.88513
4,Baby,34.470115,-81.86761
2,Adult,34.291269,-79.8761
30,Baby,34.825592,-82.34099
1,Baby,33.968011,-80.93844
6,Young,34.660345,-82.94556999999999
4,Young,32.213190000000004,-80.79969799999999
22,Adult,34.980636,-81.95665
3,Young,34.062999,-79.650627
12,Adult,34.889216999999995,-82.39364
1,Baby,32.813518,-79.85899
1,Adult,34.120487,-81.19686
1,Adult,32.856634,-79.98218
1,Young,33.823495,-78.67824
1,Senior,34.914611,-81.0125
2,Baby,34.720306,-80.09371
1,Adult,34.897828999999994,-82.447
12,Young,34.194685,-79.25775
5,Adult,33.164225,-80.01039
1,Young,33.530409000000006,-81.81743
1,Young,33.990952,-81.08955999999999
3,Adult,35.008416,-80.91644000000001
3,Senior,32.651864,-80.17774
1,Adult,44.305417999999996,-96.7906
4,Baby,43.674582,-96.79134
1,Adult,43.711861999999996,-98.03185
9,Young,36.038042,-89.38613000000001
8,Young,36.312633,-82.3802
5,Adult,35.860152,-86.3648
4,Senior,36.079259,-86.72584
16,Young,36.528448,-87.34142
19,Young,36.065779,-87.40831
1,Young,36.102325,-82.85446
1,Young,36.186008,-83.27474000000001
1,Baby,35.916722,-88.76628000000001
4,Adult,35.506259,-84.35738
23,Adult,36.121471,-87.04467
4,Senior,36.513979,-86.86891999999999
1,Adult,34.996674,-85.23748
1,Baby,36.166956,-86.66869
11,Young,36.355251,-82.18843000000001
4,Adult,35.977059999999994,-86.89653
4,Baby,36.1832,-85.52054
1,Young,36.098408,-86.82522
8,Baby,35.136177,-86.57433
8,Young,36.050286,-88.10136999999999
1,Baby,35.474694,-89.72344
1,Young,35.992691,-84.27044000000001
1,Adult,36.195015999999995,-86.49732
2,Adult,36.180806,-86.74176
1,Young,35.560621999999995,-89.64201
2,Adult,35.943026,-85.45113
2,Adult,36.311046999999995,-86.61173000000001
12,Adult,35.893823,-86.89919
1,Young,35.73843,-86.64441
2,Baby,35.124818,-89.86561999999999
2,Adult,36.271729,-82.501212
3,Adult,35.658409000000006,-88.40535
4,Baby,36.182289000000004,-82.73948
2,Adult,35.461359,-86.7792
2,Adult,35.057224,-89.67416999999999
10,Baby,35.4832,-88.73125
1,Young,36.109404,-83.48325
1,Adult,36.534729,-82.37229
10,Baby,35.818653000000005,-83.59196999999999
1,Adult,30.042529,-99.15151999999999
7,Adult,32.960374,-96.89163
17,Young,30.290907,-97.76276999999999
6,Adult,32.872386,-96.98524
2,Adult,27.672334000000003,-97.37051
26,Adult,29.839154999999998,-95.66391
4,Adult,33.414708000000005,-94.08984
3,Baby,33.212203,-96.67522
2,Adult,33.03505,-96.80492
13,Young,29.61403,-98.74185
50,Adult,30.246309000000004,-97.76087
1,Baby,33.028921000000004,-96.68101999999999
1,Young,32.721632,-97.14698
4,Young,29.307346999999996,-96.09055
1,Young,32.787628999999995,-96.79941
4,Young,31.113828,-97.69246
7,Young,31.669822999999997,-96.48721
1,Young,32.771419,-97.291484
3,Adult,32.628858,-96.53811
1,Adult,32.778479,-97.30099
14,Baby,30.547001,-97.87006
2,Senior,30.331459999999996,-95.50703
23,Young,32.933820000000004,-96.45446
18,Baby,29.996916,-97.84756
3,Adult,30.112312,-94.11735999999999
3,Baby,32.969522999999995,-96.74093
2,Adult,32.526123,-96.82325
5,Young,29.562179999999998,-95.26982
4,Baby,30.329015999999996,-95.463474
31,Baby,30.12355,-94.153941
5,Adult,32.968123,-96.78863
5,Adult,32.855666,-97.21818
3,Baby,30.054378000000003,-98.003574
8,Senior,30.571904999999997,-96.29881999999999
18,Baby,29.798777,-95.40951
7,Young,32.675604,-97.02346
1,Adult,30.646290999999998,-97.01149000000001
1,Baby,30.329016999999997,-95.64985
2,Adult,29.486179999999997,-98.4568
2,Adult,29.64878,-95.18813
5,Adult,32.812462,-96.81411999999999
1,Adult,29.933366999999997,-95.39916
2,Baby,32.873926000000004,-96.70922
2,Adult,29.382307,-95.12768
2,Young,31.515684000000004,-100.34895999999999
5,Baby,30.450121999999997,-97.62299999999999
6,Baby,33.086868,-96.74504
1,Adult,29.884175,-95.72219
10,Baby,32.411237,-95.28990300000001
2,Adult,30.378675,-97.95028
2,Adult,32.960512,-96.31278
3,Baby,29.833326,-95.47644
7,Young,33.742641,-96.51427
1,Baby,29.654108,-95.47691999999999
2,Adult,30.182584000000002,-93.79964
2,Adult,31.869259000000003,-102.031726
1,Young,32.577009999999994,-97.13485
9,Adult,32.655401,-97.37765
1,Adult,32.91747,-96.53473699999999
3,Baby,32.535841,-97.30681
2,Baby,32.895376,-96.85985
2,Adult,35.401475,-101.895089
2,Adult,32.825628,-96.74871999999999
4,Young,29.784578999999997,-94.97588
2,Young,32.735812,-96.55886
10,Baby,33.106582,-96.69402
3,Adult,29.468771999999998,-95.02689000000001
6,Adult,31.880340999999998,-101.96324
1,Adult,29.717529,-95.42820999999999
1,Baby,30.279266999999997,-98.88389000000001
7,Adult,32.885062,-97.14923
1,Adult,32.759921999999996,-97.01216
14,Adult,29.596666,-95.45981
4,Young,28.047744,-97.04818
4,Baby,32.825227000000005,-96.67955
1,Baby,29.776375,-96.16474000000001
2,Young,32.77516,-97.77986999999999
2,Baby,29.150937,-98.17929000000001
2,Baby,29.833990000000004,-95.434241
14,Adult,33.549785,-101.82634
1,Baby,29.975083,-96.50081
2,Adult,30.132855,-97.76187
1,Baby,26.206602,-97.68776
2,Adult,30.425652000000003,-97.71419
1,Adult,29.577359,-98.2787
2,Adult,29.403583,-98.5063
2,Young,29.362879,-95.27605
47,Young,32.782379999999996,-96.86945
6,Baby,33.133070000000004,-95.81773000000001
4,Young,30.056394,-95.38961
2,Young,30.721302,-98.66557
2,Baby,32.539879,-95.419983
1,Baby,33.173008,-96.95485
4,Adult,31.73003,-99.00605
1,Young,30.089757000000002,-93.77408
1,Adult,31.09954,-97.35766
12,Baby,32.184027,-95.84625
2,Adult,29.516872999999997,-95.19471999999999
531,Adult,31.809263,-106.43081000000001
5,Adult,31.073328999999998,-97.48642
2,Young,29.221289000000002,-94.94455
3,Adult,29.772627000000004,-95.40319000000001
7,Baby,30.760215999999996,-98.03579
7,Young,29.872165000000003,-97.68093
3,Adult,32.826172,-97.09721
4,Young,29.883884000000002,-98.25219
1,Adult,33.092846,-96.62447
1,Young,32.767268,-96.777626
2,Adult,33.143792,-96.83938
1,Young,32.745681,-97.26563
1,Young,31.084108,-97.79149
5,Senior,30.673596999999997,-97.64614300000001
3,Young,32.925975,-96.88322
2,Adult,30.183651,-96.40258
1,Young,29.718152000000003,-99.06605
8,Adult,31.61099,-94.70503000000001
7,Adult,30.637348,-96.36015
1,Baby,32.588536,-96.94949
7,Baby,30.712538000000002,-94.89915
60,Young,29.858525,-95.38178
3,Baby,30.180626,-95.70925
13,Young,31.514266999999997,-97.11806999999999
12,Baby,27.727083,-97.4289
10,Young,29.749204,-98.17653
1,Young,28.685027,-97.40221
75,Young,29.405424,-98.63832
10,Baby,30.158706,-95.74464
1,Baby,31.547515999999998,-97.14433000000001
2,Adult,32.826128000000004,-96.7712
1,Baby,30.326373999999998,-97.77125799999999
8,Baby,30.626134000000004,-103.98274
1,Baby,32.854893,-96.60211
2,Baby,32.80533,-97.22264
6,Adult,29.395283000000003,-94.91759
1,Young,32.897459000000005,-96.5497
2,Baby,30.762815000000003,-96.31744
3,Adult,29.549455,-95.81900999999999
1,Baby,29.700898,-95.59002
6,Adult,33.161559999999994,-97.10376
7,Adult,29.525461,-95.756462
7,Adult,32.876475,-97.41249
4,Baby,29.581304,-98.40889
5,Young,32.348007,-96.21035
2,Young,32.975722999999995,-96.58661
2,Baby,33.000177,-97.21871
1,Senior,30.207559000000003,-97.79575
1,Adult,29.550223,-98.29936
2,Young,32.896295,-96.06999
4,Adult,30.744225,-98.43167
3,Baby,30.12848,-97.8438
17,Young,29.79437,-95.33395
5,Young,41.032893,-111.93003999999999
1,Adult,40.688246,-111.99898999999999
5,Young,40.511413,-111.33259
3,Baby,37.130927,-113.24183000000001
4,Adult,41.270319,-112.01932
16,Adult,40.668068,-111.90829699999999
4,Baby,41.684253000000005,-111.78378300000001
22,Baby,37.075039000000004,-113.55568000000001
10,Baby,40.662797,-111.83797
7,Adult,40.706246,-111.85656999999999
2,Young,38.934709000000005,-77.3469
2,Adult,38.88275,-77.13999
3,Adult,37.959376,-78.26353
4,Adult,37.505146999999994,-77.46101
5,Adult,38.426786,-78.88153
2,Young,36.668255,-76.93945
3,Adult,39.179076,-78.16653000000001
2,Adult,38.828628,-78.60964
22,Adult,38.760746999999995,-77.31684
1,Young,37.136013,-80.41221999999999
1,Baby,37.031473999999996,-76.31636999999999
8,Adult,38.813013,-77.11667
4,Adult,36.855247,-76.21233000000001
14,Adult,36.864788,-76.00098
14,Adult,36.761697999999996,-76.24511
3,Adult,36.68627,-77.56121
2,Adult,38.685117,-77.44796
1,Adult,36.898915,-76.68774499999999
36,Adult,37.871021,-78.30837
2,Adult,38.926615000000005,-78.17499000000001
12,Baby,36.836822,-79.45193
2,Adult,37.64375,-77.02508
14,Adult,36.859362,-76.27028
3,Adult,36.84882,-76.46521
1,Adult,39.004276000000004,-77.43441999999999
2,Adult,38.374628,-79.63611
1,Baby,38.721911999999996,-77.466897
12,Adult,37.414991,-76.52959
2,Baby,37.288999,-76.47393000000001
7,Baby,38.959672999999995,-77.3462
3,Baby,37.366744,-79.29977
8,Baby,39.191333,-77.63118
1,Adult,38.874879,-77.38642
1,Adult,38.831813000000004,-77.28875500000001
4,Baby,36.649547999999996,-80.92683000000001
2,Adult,38.040101,-78.485066
6,Adult,38.918434999999995,-77.9255
7,Baby,38.757923999999996,-77.15284
1,Adult,38.271028,-77.5559
1,Baby,39.078140000000005,-78.20713
3,Young,38.207275,-77.64378
13,Adult,36.786753000000004,-76.08207900000001
3,Adult,47.611021,-122.16858
2,Baby,46.210957,-119.16368999999999
5,Adult,47.066193,-122.113223
3,Adult,48.222046,-122.38961
2,Adult,47.986274,-122.20222
1,Adult,48.185511,-122.48208999999999
8,Adult,47.905787,-120.520211
2,Adult,48.100255,-122.79736000000001
1,Adult,47.751674,-117.4124
4,Young,45.594465,-122.28112
3,Adult,46.616199,-120.46481000000001
7,Baby,47.643346,-117.19993000000001
2,Young,46.972965,-123.81923
1,Adult,47.843109999999996,-122.20456999999999
2,Senior,45.986775,-118.07919
14,Baby,47.133606,-119.28455
3,Adult,45.791345,-122.51789
2,Baby,47.685919,-122.37838
11,Adult,47.733852,-122.34461
1,Adult,46.550348,-120.62097
5,Young,47.667257,-122.69055
3,Adult,47.43025,-122.57158999999999
5,Young,47.63877,-122.36693999999999
2,Adult,47.574870000000004,-122.39392
2,Adult,48.486892,-122.33366000000001
2,Adult,47.027082,-122.80358999999999
1,Baby,47.71828,-122.19702
8,Baby,48.852655,-122.61806999999999
4,Baby,46.263399,-119.47908999999999
1,Adult,47.448322,-122.14583999999999
1,Baby,47.693740999999996,-117.38828999999998
2,Adult,47.297368,-119.57128999999999
4,Baby,48.203856,-122.05288
2,Adult,46.978118,-122.70239299999999
6,Baby,43.170606,-88.73058
13,Adult,43.549851000000004,-89.47100999999999
1,Baby,46.005082,-91.35255
1,Baby,43.340383,-89.04091
1,Young,42.526028000000004,-88.33443
1,Adult,45.64672,-89.39408
2,Baby,42.985465000000005,-87.89998
2,Baby,43.483263,-87.98908
5,Baby,44.499346,-88.06318
1,Young,44.180085,-88.48273
10,Baby,43.907282,-89.49412
2,Adult,44.322835999999995,-88.40491999999999
1,Adult,45.927783000000005,-90.34311
1,Young,42.696321999999995,-88.04658
11,Baby,44.553719,-90.61457
4,Adult,44.656686,-90.18151999999999
1,Adult,44.043984,-88.53528
5,Adult,42.69146,-89.04276999999999
2,Adult,44.86877,-91.92915
7,Baby,43.769889,-88.4281
1,Adult,43.869244,-90.91873000000001
3,Senior,42.818746999999995,-88.73279000000001
1,Adult,44.564261,-88.10325999999999
7,Adult,43.103711,-89.51106
1,Senior,44.394143,-88.75520999999999
6,Adult,45.517226,-91.72638
2,Young,42.573081,-88.12444
8,Adult,45.870441,-92.29415999999999
3,Baby,42.988593,-89.55543
4,Baby,38.65585,-79.33975
2,Baby,38.410745,-82.36995
6,Young,37.2757,-81.2145
15,Adult,40.5323,-80.57999000000001
6,Young,39.567987,-78.22783000000001
2,Adult,40.519953,-80.58925
2,Adult,39.628475,-79.98796
5,Young,38.375397,-81.62366999999999
1,Adult,39.279965000000004,-77.86203
18,Adult,39.265408,-81.53706
3,Young,39.343418,-80.02665
6,Adult,39.607447,-79.89012
8,Adult,38.059415,-81.11208
4,Baby,39.392285,-80.28438
1,Adult,39.141165,-79.67466
1,Baby,39.285323,-78.59401
4,Young,43.013826,-108.34879
5,Adult,43.50537,-110.786527
2,Young,41.659162,-109.63918999999999
2,Baby,44.801249,-106.96781999999999
1,Baby,41.307065,-105.62466699999999
1,Young,41.971581,-107.29475
